Model,TableName,Documentation,PrimaryKey,UniqueConstraints,Indexes,FieldCount
User,users,,id,,"[approvedBy], map: ""idx_users_approved_by"" | [email], map: ""idx_users_email"" | [emailVerificationToken], map: ""idx_users_email_verification_token"" | [emailVerified], map: ""idx_users_email_verified"" | [isActive], map: ""idx_users_is_active"" | [lastActivity], map: ""idx_users_last_activity"" | [lastLogin], map: ""idx_users_last_login"" | [role], map: ""idx_users_role"" | [userStatus], map: ""idx_users_user_status""",43
Supplier,suppliers,This model contains an expression index which requires additional setup for migrations. Visit https://pris.ly/d/expression-indexes for more info.,id,,"[contactPerson], map: ""idx_suppliers_contact"" | [email], map: ""idx_suppliers_email"" | [name], map: ""idx_suppliers_name""",14
Category,categories,,id,"[name, parentId], name: ""unique_category_name_per_parent""","[parentId], map: ""idx_categories_parent_id""",12
Brand,brands,,id,,"[isActive], map: ""idx_brands_is_active"" | [name], map: ""idx_brands_name""",10
Product,products,,id,,"[sku], map: ""idx_products_sku"" | [status], map: ""idx_products_status"" | [stock], map: ""idx_products_stock"" | [supplierId], map: ""idx_products_supplier_id"" | [isService], map: ""idx_products_is_service""",30
ProductVariant,product_variants,,id,,"[product_id], map: ""idx_product_variants_product_id"" | [sku], map: ""idx_product_variants_sku""",22
SalesTransaction,sales_transactions,,id,,"[created_at], map: ""idx_sales_transactions_created_at"" | [payment_status], map: ""idx_sales_transactions_payment_status"" | [transaction_number], map: ""idx_sales_transactions_transaction_number"" | [user_id], map: ""idx_sales_transactions_user_id"" | [customer_id], map: ""idx_sales_transactions_customer_id"" | [payment_status, created_at], map: ""idx_sales_transactions_payment_status_created_at""",21
SalesItem,sales_items,,id,,"[product_id], map: ""idx_sales_items_product_id"" | [transaction_id], map: ""idx_sales_items_transaction_id"" | [variant_id], map: ""idx_sales_items_variant_id"" | [coupon_id], map: ""idx_sales_items_coupon_id""",14
SplitPayment,split_payments,,id,,"[transaction_id], map: ""idx_split_payments_transaction_id"" | [payment_method], map: ""idx_split_payments_payment_method""",6
TransactionPayment,transaction_payments,,id,,"[transaction_id], map: ""idx_transaction_payments_transaction_id"" | [payment_method], map: ""idx_transaction_payments_payment_method"" | [recorded_by], map: ""idx_transaction_payments_recorded_by""",10
StockAddition,stock_additions,,id,,"[createdById], map: ""idx_stock_additions_created_by"" | [productId], map: ""idx_stock_additions_product_id"" | [purchaseDate], map: ""idx_stock_additions_purchase_date"" | [supplierId], map: ""idx_stock_additions_supplier_id"" | [purchaseDate, totalCost], map: ""idx_stock_additions_purchase_date_total_cost""",15
StockReconciliation,stock_reconciliations,,id,,"[approvedById], map: ""idx_stock_reconciliations_approved_by"" | [createdAt], map: ""idx_stock_reconciliations_created_at"" | [createdById], map: ""idx_stock_reconciliations_created_by"" | [status], map: ""idx_stock_reconciliations_status""",14
StockReconciliationItem,stock_reconciliation_items,,id,,"[productId], map: ""idx_stock_reconciliation_items_product_id"" | [reconciliationId], map: ""idx_stock_reconciliation_items_reconciliation_id""",12
StockAdjustment,stock_adjustments,,id,,"[adjustment_type], map: ""idx_stock_adjustments_adjustment_type"" | [approved_by], map: ""idx_stock_adjustments_approved_by"" | [created_at], map: ""idx_stock_adjustments_created_at"" | [product_id], map: ""idx_stock_adjustments_product_id"" | [status], map: ""idx_stock_adjustments_status"" | [user_id], map: ""idx_stock_adjustments_user_id"" | [variant_id], map: ""idx_stock_adjustments_variant_id""",21
AuditLog,audit_logs,,id,,"[created_at], map: ""idx_audit_logs_created_at"" | [record_id], map: ""idx_audit_logs_record_id"" | [table_name], map: ""idx_audit_logs_table_name"" | [user_id], map: ""idx_audit_logs_user_id""",11
AIContent,ai_content,,id,,"[content_type], map: ""idx_ai_content_content_type"" | [is_approved], map: ""idx_ai_content_is_approved"" | [product_id], map: ""idx_ai_content_product_id""",15
RateLimit,rate_limits,,id,,"[key], map: ""idx_rate_limit_key"" | [createdAt], map: ""idx_rate_limit_created_at""",4
SessionBlacklist,session_blacklist,,id,,"[sessionId], map: ""idx_session_blacklist_session_id"" | [userId], map: ""idx_session_blacklist_user_id"" | [expiresAt], map: ""idx_session_blacklist_expires_at""",7
FinancialTransaction,financial_transactions,,id,,"[type], map: ""idx_financial_transactions_type"" | [transactionDate], map: ""idx_financial_transactions_date"" | [status], map: ""idx_financial_transactions_status"" | [createdBy], map: ""idx_financial_transactions_created_by"" | [type, transactionDate], map: ""idx_financial_transactions_type_date"" | [status, transactionDate], map: ""idx_financial_transactions_status_date""",17
ExpenseDetail,expense_details,,id,,,6
IncomeDetail,income_details,,id,,,6
FinancialReport,financial_reports,,id,,"[reportType], map: ""idx_financial_reports_type"" | [periodStart], map: ""idx_financial_reports_period_start"" | [generatedBy], map: ""idx_financial_reports_generated_by""",10
Coupon,coupons,,id,,"[code], map: ""idx_coupons_code"" | [isActive], map: ""idx_coupons_active"" | [validFrom], map: ""idx_coupons_valid_from"" | [validUntil], map: ""idx_coupons_valid_until"" | [createdBy], map: ""idx_coupons_created_by""",18
Customer,customers,,id,,"[phone], map: ""idx_customers_phone"" | [state], map: ""idx_customers_state"" | [city], map: ""idx_customers_city"" | [customerType], map: ""idx_customers_customer_type"" | [isActive], map: ""idx_customers_is_active""",17
TransactionFee,transaction_fees,,id,,"[transactionId], map: ""idx_transaction_fees_transaction_id"" | [feeType], map: ""idx_transaction_fees_fee_type""",7